id,fecha,lugar,tipo_evento,tipo_evento_principal,subtipos_evento,quien_protesta,demanda,a_quien,discurso_framing,respuesta_estatal,fuente
P21-06,11-07-2021,"Parque de la Iglesia, San Antonio de los Baños, Artemisa",Marcha,Marcha,Marcha,Ciudadanos/pueblo,"A través de un grupo de Facebook de los residentes de San Antonio de los Baños llamado ""La Villa del Humor"", el líder (o administrador del grupo) Danilo Roque (seudónimo) convoca a una protesta en el Parque de la Iglesia. Este, seguido por Lázaro González (seudónimo), también administrador del grupo, se dedica a la logística de la manifestación y, junto con Alexander Pérez Rodríguez, pastor de la Iglesia Adventista del Séptimo Día, exmiembro del grupo Somos+, simpatizante de Oswaldo Payá, quien pone cara y voz, informa, genera debates, propone y dialoga. Los integrantes del equipo de organización de la protesta fueron 23 personas, quienes se mantienen en total anonimato y cuyas edades oscilan entre los 18 y los 30 años. El plan de Danilo Roque para el 11 de julio fue publicado en el grupo de Facebook: 1-10:00 a.m. nos vamos a reunir todos en el Parque de la Iglesia. 2-10:30 a.m. comenzamos a salir por la Calle Real dirección a la tienda TRD, lugar donde nos venden en monedas que no ganamos. Ahí somos libres de hacer lo que queramos. Son nuestras tiendas y nuestros productos. 3-11:00 a.m. nos dirigimos a Radio Ariguanabo, allí podemos hacer que Radio Ariguanabo anuncie lo que está sucediendo a través de su emisora. Si queremos, podemos lograrlo. 4-Llegando hasta ahí, seguimos rumbo Coppelia, esto llamando a más personas a unirse a nuestra propuesta. Recuerden que necesitamos muchas personas para esto. 5-En Coppelia vamos a trancar el tráfico y vamos a gritar todo lo que nuestra voz pueda. Todo lo que se les ocurra. 6-Subimos Calle Ancha, hasta el Partido. La manifestación transita por las calles: doblando hacia la calle 41, calle 41 e/ 74 y 76, Asamblea Municipal del Poder Popular, calle 70 y 55, calle 61 y 66, calle 49 y 53, calle 49 (Parque de la Placita), Parque Central, calle 41 y 62, Parque de la Iglesia.",Estado cubano,"""Oye, comunismo NO"", ""Libertad"", ""Patria y Vida""","Se presentaron órganos del PCC del municipio y fueron atacados con palabras de los manifestantes que se encontraban en el lugar. Se observa un cordón de militares rodeando la entrada de la iglesia. También se presenció la llegada de Miguel Díaz-Canel, escoltado por altos militares, en un intento de aplacar la situación, pero terminaron lanzándole varias botellas plásticas de agua y unos cuantos insultos más.",https://www.youtube.com/watch?v=N80lz51MDyU https://revistaelestornudo.medium.com/11-de-julio-en-san-antonio-de-los-ba%C3%B1os-lo-que-se-ve-lo-que-no-se-ve-c3760b4516a9  https://www.youtube.com/watch?v=1EIv4Tz38BA
P21-07,11-07-2021,"Palma Soriano, Santiago de Cuba",Marcha,Marcha,Marcha,Ciudadanos/pueblo,"Un pequeño grupo de personas sale a las calles a exigir ""Patria y Vida"". Poco a poco se van sumando varias personas, mientras los manifestantes incitan a que se sumen más personas. La manifestación comienza en la calle Lora, bajan hasta el Servicupet haciendo varias paradas, avanza desde la calle Quintín Bandera hasta el parque José Martí y regresan hasta la sede del PCC municipal, donde se desencadena la represión. También se manifiestan en la Carretera Central e/ 19, 21, Calixto García, 1ro de Mayo y Carretera Central y Donato Mármol, Contramaestre. Afuera de la sede del PCC los manifestantes le gritan al comandante Ramiro Valdés que los están matando de hambre y que las autoridades dieron golpes.",Estado cubano,"""Patria y Vida"", ""Abajo Díaz-Canel"", ""Abajo el hambre"", ""Libertad"", ""Ladrones"", ""Asesinos"", ""Cambio"" y cantan el Himno Nacional.","Interceptan a los manifestantes autoridades vestidas de civil y otras uniformadas, intentando dialogar e impedirles el paso, pero el grupo de manifestantes continúa avanzando. Llegada de Ramiro Valdés al municipio acompañado de una escolta de militares para intentar un diálogo con la población.",https://www.youtube.com/watch?v=09rfIVI3Iew https://www.youtube.com/watch?v=EtJBixdySP4 https://www.youtube.com/watch?v=AfoGi-uXxBc  https://www.youtube.com/watch?v=t_sqNPk0lgo  https://www.youtube.com/watch?v=b6vHE3_ICMg
P21-08,11-07-2021,"Parque del Partido, Alquízar, Artemisa",Marcha,Marcha,Marcha,Ciudadanos/pueblo,"Grupo de personas sale a las calles demandando libertad para el pueblo de Cuba. La manifestación se desplaza por la calle 82, pasando por 89, 91 hasta el parque donde se encuentra la sede del Partido.",Estado cubano,"""Patria y Vida"", ""Díaz-Canel, singao"", ""Abajo la dictadura"", ""Que se vayan"", ""Libertad""",NULL,https://www.youtube.com/watch?v=ceDt-1DbSaI  https://www.youtube.com/watch?v=Z5IoaK3G4Rs   https://www.youtube.com/watch?v=RsVPpYzdJW4
P21-09,11-07-2021,"Güira de Melena, artemisa",Marcha,Marcha,Marcha,Ciudadanos/pueblo,"Grupo de personas sale a las calles demandando libertad y que no tienen comida para el pueblo de Cuba. A medida que los manifestantes avanzan por las calles convocan a todos los residentes a sumarse a la marcha. La manifestación recorre las calles 84 y 83, 93, calles 86 y 87, calle 82 (Real). Ocurre un saqueo en la tienda El Encanto y se reúnen frente al Partido y la UJC. Otro grupo de manifestantes llega hasta la estación de policía.",Estado cubano,"""Patria y Vida"", ""Díaz-Canel, singao"", ""Abajo la dictadura"", ""Libertad"", ""Oe policía, pinga"", ""Queremos medicinas"", ""Asesinos"", ""Que se vayan"", ""No tenemos miedo""",Se presencian autoridades militares y otras vestidas de civil frente al Partido que comienzan a reprimir a los manifestantes. A las afueras de la Estación de Policía se observa a las autoridades paradas en la acera amenazando con rociar spray.,https://www.youtube.com/watch?v=rNrza19-QKI https://proyectoinventario.org/mapa-manifestaciones-cuba-11j/  https://www.youtube.com/watch?v=JGFXJrC52mg https://www.youtube.com/watch?v=IM80Uujam_8  https://www.youtube.com/watch?v=jrEQOly16tM  https://www.youtube.com/watch?v=LBFUsvRVmbM  https://www.youtube.com/watch?v=WPuyEgeyQ0Y  https://www.youtube.com/watch?v=E3RUyFhwQvs
P21-10,11-07-2021,"Parque de la Iglesia, Bauta, Artemisa",Marcha,Marcha,Marcha,Ciudadanos/pueblo,"Manifestantes salen a las calles demandando la situación de precariedad en que se encuentra el país. Se dirigen hacia el Partido Municipal pasando por el Parque de la Iglesia, la casa de Manuel Díaz ""Manolo Manguera"", las calles 150 y 243 y se reúnen frente a la tienda La Revoltosa.",Estado cubano,"""Patria y Vida"", ""Abajo Díaz-Canel"", ""Díaz-Canel singao"", ""Abajo Fidel"", ""El pueblo unido, jamás será vencido""",Frente a la tienda La Revoltosa se observan algunas autoridades que comienzan a reprimir a los manifestantes dándoles golpes y cerrando algunas de las calles para que el pueblo no avance.,https://www.youtube.com/watch?v=fM1jrCjcfdQ https://www.youtube.com/watch?v=r0qPF9nvuxs https://www.youtube.com/watch?v=S8Bk7ZZeWok  https://www.youtube.com/watch?v=E_3SSOoY0Q0
P21-11,11-07-2021,"San José de las Lajas, Mayabeque",Marcha,Marcha,Marcha,Ciudadanos/pueblo,"El pueblo de San José de las Lajas se manifestó en las calles demandando la libertad. La protesta se llevó a cabo por la avenida 47 y 126, 110, 108, 106, 94, 90, 82, Centro Comercial Boulevard, la Fábrica de Cerámica, calle 130, Gobierno de Mayabeque, el Hospital Leopoldito Martínez, Terminal de Ómnibus, Centro Comercial Boulevard, calle 54 y avenida 45, calle 42 y 35.",Estado cubano,"""El pueblo unido, jamás será vencido"", ""Abajo la dictadura"", ""Díaz-Canel, singao"", ""Patria y Vida"", ""Libertad"", ""Queremos medicinas"", ""No más mentiras""","Un grupo oficialista se interpuso en la carretera de la Fábrica de Cerámica utilizando un megáfono para decir consignas revolucionarias y extender una bandera cubana. A las afueras del Gobierno de Mayabeque se concentraron los manifestantes y se pudo apreciar la presencia de la policía y autoridades vestidas de civil, quienes intentaban reprimir la protesta pacífica. Algunos de ellos intentaron gritar consignas revolucionarias.",https://proyectoinventario.org/mapa-manifestaciones-cuba-11j/ https://proyectoinventario.org/mapa-manifestaciones-cuba-11j/  https://www.youtube.com/watch?v=kjaoylnGYJI  https://www.youtube.com/watch?v=Da-BOx9SJCw  https://www.youtube.com/watch?v=kUz27Z5XVNk  https://www.youtube.com/watch?v=_WaZMB55d5M
P21-12,11-07-2021,"Plaza Bedoya, Camagüey",Marcha,Marcha,Marcha,Ciudadanos/pueblo,Manifestantes salen a las calles demandando la situación de precariedad en que se encuentra el país y convocan al pueblo a sumarse a la protesta.,Estado cubano,"""Patria y Vida"", ""Abajo el comunismo""",NULL,https://www.youtube.com/watch?v=Mq5teLYC3sU
P21-13,11-07-2021,"Calle Pilar, Matanzas",Marcha,Marcha,Marcha,Ciudadanos/pueblo,"Un pequeño grupo de personas sale a las calles a exigir ""Patria y Vida"". Los manifestantes incitan a que se sumen más personas.",Estado cubano,"""Patria y Vida"", ""Abajo el comunismo""",NULL,https://www.youtube.com/watch?v=kqnN18YbR1g
P21-14,11-07-2021,"Microdistrito, Santiago de Cuba",Marcha,Marcha,Marcha,Ciudadanos/pueblo,Grupo pequeño de personas sale a las calles para protestar.,Estado cubano,NULL,NULL,https://www.youtube.com/watch?v=q64I-_Mrb4s
P21-15,11-07-2021,"Güines, mayabeque",Marcha,Marcha,Marcha,Ciudadanos/pueblo,"Manifestantes salen a las calles demandando libertad. Las protestas se llevan a cabo por la calle 86, Parque, estación de policía, calle Reina, Cupet de Reina y avenida 77 (Real).",Estado cubano,"""Libertad"", ""Abajo el comunismo"", ""Abajo Díaz-Canel"", ""Díaz-Canel, singao"", ""Patria y Vida""",Un grupo de personas oficialistas se junta con las autoridades de la policía a las afueras de la PNR para impedir el paso de los manifestantes y gritar consignas revolucionarias. En el parque de Güines comenzaron a llegar camiones con tropas especiales y policías vestidos de civil para darle golpes al pueblo.,https://www.youtube.com/watch?v=Z3NdyZsOedY https://www.youtube.com/watch?v=F-M7W7HScPE https://www.youtube.com/watch?v=6Y8fizNOogE
P21-16,11-07-2021,Santa Clara,Marcha,Marcha,Marcha,Ciudadanos/pueblo,"Manifestantes de Santa Clara se lanzan a las calles a demandar la libertad del pueblo cubano. Las protestas recorren varias calles y ubicaciones como son: Puente de la Cruz, Parque del Carmen, Independencia y Juan Bruno Zayas, Marta Abreu y Juan Bruno Zayas, Rafael Tristá y Juan Bruno Zayas, Independencia e/ General Alemán y Toscano, Rafael Tristá e/ General Alemán y Rafael Lubián, Rafael Tristá y Augusto Vidaurreta, Rafael Tristá y La Torre, Colón y Domingo Mujico, calle San Miguel, 1ra de la Vigía y Carretera Central, Parque de la Audiencia y Estrada Palma y Amparo. También reportan protestas pacíficas en El Condado y Los Flamboyanes.",Estado cubano,"""Libertad"", ""Patria y Vida"", ""Viva Cuba Libre"", ""Díaz-Canel, singao"", ""Asesinos""","Policías impiden el paso de manifestantes. Se observan brigadas de respuesta detrás de los manifestantes. Para impedir el paso de los manifestantes hasta el parque Vidal, crearon un cordón policial. En calles aledañas, la policía vestida de civil agrede a la población y, en particular, a las mujeres, tirándolas contra el piso, golpeándolas y quitándoles sus teléfonos.",https://www.youtube.com/watch?v=pgprjpxKdH4 https://www.youtube.com/watch?v=poLKXjhE1n8  https://www.youtube.com/watch?v=ORQDeOttsOU  https://www.youtube.com/watch?v=00zKQcjTAo0  https://www.youtube.com/watch?v=jLdQ9LG-he8  https://www.youtube.com/watch?v=WX15XKDPq-I  https://www.youtube.com/watch?v=xdqCmrucpUQ  https://www.youtube.com/watch?v=D8mZJUjdNMo
P21-17,11-07-2021,"Cárdenas, Matanzas",Marcha,Marcha,Marcha,Ciudadanos/pueblo,"Manifestantes se lanzan a las calles a exigir la libertad de Cuba. Se reúnen frente al Gobierno Municipal y el Partido. La manifestación recorre las calles: Calle Real, esq. Cristina, Cristina e/ Jénez y Laborde, Jénez y Calzada, y Real y Calzada. Hay constancia de vandalismo durante la manifestación en las tiendas: tienda Puerta del Sol, tienda Mercadito, tienda Bello Atardecer y en la Cadeca.",Estado cubano,"""Libertad"", ""Patria y Vida"", ""Díaz-Canel, singao"", ""Se oye, se siente, el pueblo está presente""","Se observa un cordón policial antimotines que bloquea el paso de los manifestantes y, a su vez, protege a los oficiales de la policía y militares que se encuentran en la zona. También se llevan a varias mujeres detenidas.",https://www.youtube.com/watch?v=dxi8L5sIrj0 https://www.youtube.com/watch?v=nKO3uFG8ie8  https://www.youtube.com/watch?v=lrTJriCDm-Q  https://www.youtube.com/watch?v=uCGgfPICL8U  https://www.youtube.com/watch?v=5TfvHgPV2fw  https://www.youtube.com/watch?v=vBONehXkBRA
P21-18,11-07-2021,Holguín,Marcha,Marcha,Marcha,Ciudadanos/pueblo,"Boulevard y Frexes, calle Río, Alcides Pino, estación policial de Alcides Pino, avenida Cajigal (Carretera de Gibara), Gobierno Municipal, Martí y Boulevard. Manifestantes se lanzan a las calles en protesta por la libertad. La manifestación transita por la estación de la PNR, Frexes, Gobierno Provincial, Pediátrico, Plaza de la Revolución y Comité Provincial del Partido.",Estado cubano/Gobierno municipal,"""Libertad"", ""Patria y Vida"", ""Viva Cuba Libre"", ""Díaz-Canel, singao"", ""No tenemos miedo"", ""No a la violencia"", ""El pueblo unido, jamás será vencido"", ""Abajo la dictadura"", ""No los queremos"", ""Abajo el comunismo"", ""Asesinos""","A las afueras del Gobierno Municipal se presencia un cordón de militares que le impiden el paso a los manifestantes por un tiempo, pero al final ceden ante la gran multitud que se encuentra reunida. En zonas aledañas, brigadas especiales van por las calles obligando a las personas a meterse en sus casas y agreden lanzando piedras y golpes.",https://www.youtube.com/watch?v=FoioglOv7do https://www.youtube.com/watch?v=PstYwYa10nQ  https://www.youtube.com/watch?v=lrEdswfThPE https://www.youtube.com/watch?v=AQ342QwwD0Y https://www.youtube.com/watch?v=7aLT0zLwXsU  https://www.youtube.com/watch?v=J3xyEB55mPw  https://www.youtube.com/watch?v=dE3e6HKgXEg https://www.youtube.com/watch?v=w3UqivzhOU8 https://www.youtube.com/watch?v=TrUQxJvaKmo https://www.youtube.com/watch?v=SXmdqnoFxjc
P21-19,11-07-2021,"Centro Habana, La Habana",Marcha,Marcha,Marcha,Ciudadanos/pueblo,Grupo de manifestantes se encuentra agrupado en una esquina y se observa cómo tratan de evitar que las autoridades se lleven a una persona.,Estado cubano,NULL,Las autoridades se llevan a una persona arrastrada.,https://www.youtube.com/watch?v=xwO3DlT5jr8
P21-20,11-07-2021,"Bayamo, Granma",Marcha,Marcha,Marcha,Ciudadanos/pueblo,"Manifestantes en Bayamo avanzan por una calle y se enfrentan con grupos progobierno. En muchas ocasiones lanzan piedras a los policías y ocurren enfrentamientos. Las protestas transitan por las calles: calle Donato Mármol, Parque de la Emulación, av. Los Mártires, avenida Perucho Figueredo, Línea, Talleres Ferroviarios, Zenea y General Lora, calle Zenea, calle José Martí.",Estado cubano,"""Libertad"", ""Patria y Vida"", ""Díaz-Canel, singao"", ""Abajo el comunismo""","Las autoridades vestidas de civil reprimen a mujeres que se encontraban en la manifestación. Se observan carros de policías y camiones de brigadas en las calles, pero estos dejan pasar a los manifestantes. También en algunas calles los policías agreden lanzando piedras a los manifestantes.",https://www.youtube.com/watch?v=vSEffvhU9XM https://www.youtube.com/watch?v=L9pi4oIDeXk https://www.youtube.com/watch?v=vpf0KnC3Soc https://www.youtube.com/watch?v=0gqwMrs7-no  https://www.youtube.com/watch?v=4J18imarbHw
P21-21,11-07-2021,Guantánamo,Marcha,Marcha,Marcha,Ciudadanos/pueblo,"Manifestantes se lanzan a las calles para demandar la libertad. Pasan por la avenida Camilo Cienfuegos y 1ra Oeste, calle José Martí, avenida Camilo Cienfuegos y Pedro A. Pérez.",Estado cubano,"""Libertad"", ""Patria y Vida""","Se observa cómo la policía, militares y autoridades vestidas de civil arrestan a un menor de edad, metiéndolo a la fuerza en una patrulla. En otra de las calles hay camiones y carros de policía impidiendo el paso de los manifestantes.",https://www.youtube.com/watch?v=Qnzp2MDz3j8 https://www.youtube.com/watch?v=_-u7jFMiN6E https://www.youtube.com/watch?v=FYoqKCANT7c
P21-22,11-07-2021,"Bejucal, Mayabeque",Marcha,Marcha,Marcha,Ciudadanos/pueblo,Manifestantes salen a las calles demandando libertad. Pasan por la calle 9 e/ 12 y 14 y se sientan en el piso para continuar exigiendo la libertad.,Estado cubano,"""Libertad"", ""Patria y Vida"", ""Queremos un cambio"", ""Díaz-Canel, singao"", ""El pueblo es el que llama"", cantan el Himno Nacional.",NULL,https://www.youtube.com/watch?v=Eag4eISEOYg
P21-23,11-07-2021,"Instituto Cubano de Radio y Televisión, La Habana",Manifestación/Concentración,Manifestación,Concentración,Artistas/intelectuales 27N,Grupos de personas se congregan a las puertas del Instituto Cubano de Radio y Televisión para exigir el derecho a la libertad de expresión.,Instituciones locales (ICRT),"""Queremos ser escuchados"", ""Viva Cuba Libre""",Las autoridades y personal de la institución abuchean a los manifestantes con consignas revolucionarias.,https://proyectoinventario.org/mapa-manifestaciones-cuba-11j/
P21-24,11-07-2021,"Puerto Padre, Las Tunas",Marcha,Marcha,Marcha,Ciudadanos/pueblo,Grupos de personas salen a las calles a demandar la libertad de Cuba.,Estado cubano,"""Libertad"", ""Patria y Vida"", ""Queremos un cambio"", ""Díaz-Canel, singao"", ""El pueblo es el que llama"", cantan el Himno Nacional.",Grupo de policías arresta a los manifestantes y les rocían spray en los ojos.,https://www.youtube.com/watch?v=enr1tqvpd8I
P21-25,11-07-2021,"Jovellanos, Matanzas",Marcha,Marcha,Marcha,Ciudadanos/pueblo,"Grupos de personas salen a las calles a demandar la libertad de Cuba por las calles 11 e/ 16 y 14, 11 e/ 10 y 12, 11 y 6.",Estado cubano,"""Libertad"", ""Patria y Vida"", ""Queremos un cambio"", ""Díaz-Canel, singao"", ""El pueblo es el que llama"", cantan el Himno Nacional.",Se observa la represión policial agrediendo con piedras a los manifestantes.,youtube.com/watch?v=2gwNUJMUZOo https://www.youtube.com/watch?v=JNPmWaQ7rbk https://www.youtube.com/watch?v=6peyjGej9c4
P21-26,11-07-2021,"Trinidad, Santi Spirítus",Marcha,Marcha,Marcha,Ciudadanos/pueblo,Grupo de personas sale a protestar en la calle y convocar al pueblo a sumarse por la libertad de Cuba.,Estado cubano,"""Libertad"", ""Patria y Vida"", ""Díaz-Canel, singao"", ""El pueblo unido, jamás será vencido"", cantan el Himno Nacional.",NULL,https://www.youtube.com/watch?v=FpkSA9Sq58M
P21-27,11-07-2021,Artemisa,Marcha,Marcha,Marcha,Ciudadanos/pueblo,"Manifestantes salen a las calles para exigir libertad. Transitan por las calles: Boulevard, Boulevard y 27, e/ Mártires y Céspedes, Martí y Mártires.",Estado cubano,"""Libertad"", ""Patria y Vida"", ""Queremos un cambio""",Camión del MININT se marcha ante la llegada de manifestantes.,https://www.youtube.com/watch?v=IYr2aTlEiFg https://www.youtube.com/watch?v=updPN1Hy7_s  https://www.youtube.com/watch?v=u4udjRa9idY
P21-28,11-07-2021,Camagüey,Marcha,Marcha,Marcha,Ciudadanos/pueblo,"Grupo de personas sale a la calle a exigir la libertad de Cuba. La manifestación transita por distintos puntos de la ciudad: La Vigía, avenida Finlay y Rosario, calle Rosario, fábrica de helado Coppelia. En Saratoga cierran la calle; los propios vecinos no dejan pasar a los carros policiales. Plaza Méndez, General Gómez y Sedano, calle Santa Rosa y San Martín, calle Santa Rosa, San José y República, calle Avellaneda, calle Avellaneda y San Esteban, Rosario y Pintor, Oscar Primelles (San Esteban), Palma, avenida 26 e Ignacio Agramonte, alrededores de la Plaza de la Revolución, Damas, reparto Floirán Quirós. Gran cantidad de personas se concentran en el parque de San Ramón. Un hombre cita a Martin Luther King, dice que Cuba despertó y los manifestantes dicen que irán para el Gobierno, en la Plaza de la Revolución. Continúan por el Parque Cristo, Palacio de los Matrimonios, Casino Campestre, Estadio Cándido González, entrada a la calle Rosario, Palma, Puente de la Caridad, calle San Rafael, Lugareño y San Gabriel y la calle Cisneros.",Estado cubano,"""Libertad"", ""Patria y Vida"", ""Las calles son del pueblo"", ""Díaz-Canel, singao"", ""Que se vayan"", ""Oye policía, pinga""","Se observan enfrentamientos entre la policía y los manifestantes. La policía se ve obligada a irse del lugar. En la Avenida de los Mártires, militares y defensores del gobierno intentan detener a los manifestantes. En el Parque Cristo hay un cordón de militares.",https://www.youtube.com/watch?v=J6gzWg9gru8 https://www.youtube.com/watch?v=km3dTbX-yq0 https://www.youtube.com/watch?v=C7Tjf4M6dSU https://www.youtube.com/watch?v=6EZyfqSaSxY https://www.youtube.com/watch?v=OFDEjmO5MU4 https://www.youtube.com/watch?v=Z8y817v6r8g https://www.youtube.com/watch?v=PLGp-C_P1VA  https://www.youtube.com/watch?v=H_RPSXAXF9c https://www.youtube.com/watch?v=zOkXAPYKHTQ https://www.youtube.com/watch?v=CPEfCfkhbJY  https://www.youtube.com/watch?v=4E2R1txFLA0
P21-29,11-07-2021,"Placetas, Villa Clara",Marcha,Marcha,Marcha,Ciudadanos/pueblo,Manifestantes salen a las calles para exigir libertad.,Estado cubano,"""Libertad"", ""Patria y Vida""",Se observan policías en el lugar.,https://www.youtube.com/watch?v=ePf70PPuFdU
P21-30,11-07-2021,Pinar del Río,Marcha,Marcha,Marcha,Ciudadanos/pueblo,Manifestantes salen a las calles para exigir libertad.,Estado cubano,"""Patria y Vida""",Se observan policías en el lugar.,https://www.youtube.com/watch?v=jE3DB97y5tc
P21-31,11-07-2021,"Cuatro Caminos, La Habana",Marcha,Marcha,Marcha,Ciudadanos/pueblo,Manifestantes salen a las calles para exigir libertad.,Estado cubano,"""Libertad""",Se observan carros de policías parqueados y la llegada de camiones con policías y militares.,https://www.youtube.com/watch?v=cbMxskVVwVw
P21-32,11-07-2021,Sancti Spíritus,Marcha,Marcha,Marcha,Ciudadanos/pueblo,"Manifestantes salen a las calles para exigir libertad en el reparto Escribano y en otro lugar, pero no está identificada la ubicación.",Estado cubano,"""Libertad"", ""Patria y Vida"", ""Díaz-Canel, singao""",NULL,https://www.youtube.com/watch?v=4OFvWFI80Ek https://www.youtube.com/watch?v=n0aotJS1MYg
P21-33,11-07-2021,"Quivicán, Mayabeque",Marcha,Marcha,Marcha,Ciudadanos/pueblo,Manifestantes salen a las calles para exigir libertad y convocan a los vecinos a sumarse a la protesta. Esto sucede en varios lugares como: Parque Quivicán y La Salud.,Estado cubano,"""Libertad"", ""Patria y Vida"", ""Abajo Díaz-Canel""",NULL,https://www.youtube.com/watch?v=oV3aIfcfvDs https://www.youtube.com/watch?v=rxl9R4SDYi4
P21-34,11-07-2021,"Capitolio- Momumento Máximo Gómez, La Habana",Marcha,Marcha,Marcha,Ciudadanos/pueblo,"Manifestantes salen a las calles de manera pacífica con sus brazos en alto para exigir libertad, comida y medicinas. Salen desde el Parque de la Fraternidad y transitan por lugares como: Hotel Saratoga, Teatro Martí, Capitolio Nacional de Cuba-Parque Central-Paseo del Prado, Paseo del Prado y Neptuno, Paseo del Prado e/ Ánimas y Virtudes, Trocadero e/ Prado y Morro, Zulueta, Museo de la Revolución, hasta el Monumento a Máximo Gómez.",Estado cubano,"""Libertad"", ""Patria y Vida"", ""Queremos un cambio"", ""Díaz-Canel, singao"", ""El pueblo unido, jamás será vencido"", ""Dictadores"", ""Mi comida, medicinas"", ""Oe policía, pinga"", ""Nosotros somos cubanos, nosotros somos Cuba"", ""Asesinos""",La policía y militares reprimen a los manifestantes llevándoselos a la fuerza. Hay presencia de las brigadas de respuesta rápida movilizadas por el Gobierno. Estas están armadas con palos y se encuentran en el Paseo del Prado. Los policías y tropas especiales forman un cordón para impedir el paso. Aumenta la llegada de jóvenes vestidos de militares con palos para reprimir al pueblo.,https://www.youtube.com/shorts/sUS3D3eR_Q0 https://www.youtube.com/watch?v=LV54mysj0iY  https://www.youtube.com/watch?v=SvkczbmbQ2g  https://www.youtube.com/watch?v=O8blFkygW4E https://www.youtube.com/watch?v=kKuDCzlWKGg https://www.youtube.com/watch?v=mh3qxwg4EjQ   https://www.youtube.com/shorts/N2uuNfnpIHc
P21-35,11-07-2021,"San Miguel del Padrón, La Habana",Marcha,Marcha,Marcha,Ciudadanos/pueblo,"Manifestantes salen a las calles convocando a las personas a sumarse a la protesta por la libertad y el cambio de Cuba. Atraviesan la Calzada de San Miguel del Padrón pasando por Rafael de Cárdenas, Rico, La Balear, La Corea y calle 4ta y 21.",Estado cubano,"""Libertad"", ""Patria y Vida"", ""Queremos un cambio"", ""Díaz-Canel, singao"", ""Abajo Díaz-Canel""","Hay presencia de autoridades vestidas de civil que reprimen al pueblo golpeándolo y agrediéndolo para que no filmen lo que está pasando. En La Corea, los manifestantes logran atravesar un cerco represivo lleno de autobuses para cargar y arrestar a los manifestantes.",https://www.youtube.com/watch?v=ulsgIbaFVfg https://www.youtube.com/watch?v=9e5ahkcKzP4  https://www.youtube.com/watch?v=0jrYKiHf_I0
P21-36,11-07-2021,"Mantilla, La Habana",Marcha,Marcha,Marcha,Ciudadanos/pueblo,Manifestantes salen a las calles para exigir libertad. Pasan por el Cine Mantilla.,Estado cubano,"""Libertad"", ""Patria y Vida"", ""Abajo la dictadura"", ""Díaz-Canel, singao"", ""El pueblo unido, jamás será vencido"", ""Queremos comida""",NULL,https://www.youtube.com/watch?v=pP_bHimXIyQ https://www.youtube.com/watch?v=tEMsE_7YpzM
P21-37,11-07-2021,"Guanabacoa, La Habana",Marcha,Marcha,Marcha,Ciudadanos/pueblo,"Manifestantes salen a las calles para exigir libertad. Comienza desde los Escolapios, bajando por la Avenida Corral Falso hasta Vía Blanca.",Estado cubano,"""Libertad"", ""Patria y Vida"", ""Díaz-Canel, singao""","Los autos de la policía interceptan a los manifestantes en el Parque de la Cotorra, pero estos siguen avanzando. En el semáforo de Regla-Guanabacoa hay policías y militares que intentan reprimir la manifestación.",https://www.youtube.com/watch?v=hLb6Y9OFv9U
P21-38,11-07-2021,"Calzada de Diez de Octubre, La Habana",Marcha,Marcha,Marcha,Ciudadanos/pueblo,"Manifestantes salen a las calles para exigir libertad por toda la Calzada de Diez de Octubre entre Kessel y Paco Rivera, Calzada de Diez de Octubre y Santa Beatriz, Calzada de Diez de Octubre y Josefina, Calzada de Diez de Octubre y Benito Lagueruela, Calzada de Diez de Octubre e/ Quiroga y Mangos, Correa y Calzada de Diez de Octubre, Calzada de Diez de Octubre y Mangos, Calzada de Diez de Octubre e/ Santa Irene y Mangos, Calzada de Diez de Octubre y Santa Irene, Calzada de Diez de Octubre y San Bernardino, Cine Apolo, Calzada de Diez de Octubre y Enamorados, Esquina de Toyo, San Leonardo y Calzada de Diez de Octubre.",Estado cubano,"""Libertad"", ""Patria y Vida"", ""Díaz-Canel, singao""",Se presencian tropas especiales que persiguen a jóvenes en Diez de Octubre. Hay enfrentamientos entre policía y manifestantes. Apedrean un camión de bomberos en Calzada de Diez de Octubre. Manifestantes hacen retroceder a los policías y patrullas. Policías y paramilitares con palos y piedras reprimen a los manifestantes.,https://www.youtube.com/watch?v=-yLlZcdcj8A  https://www.youtube.com/watch?v=7vLPRxPrea8 https://www.youtube.com/watch?v=P0eviI75xm4 https://www.youtube.com/watch?v=DPG7xTj2vN8
P21-39,11-07-2021,"Arroyo Naranjo, La Habana",Marcha,Marcha,Marcha,Ciudadanos/pueblo,"Manifestantes salen a las calles para exigir libertad. Semáforo La Palma, Arroyo Naranjo.",Estado cubano,"""Patria y Vida""","Manifestantes se encuentran con grupos progobierno en el semáforo de La Palma, Arroyo Naranjo.",https://www.youtube.com/watch?v=29mfwtjbhTA
P21-40,11-07-2021,"Batabanó, Mayabeque",Marcha,Marcha,Marcha,Ciudadanos/pueblo,"Manifestantes salen a las calles extendiendo una bandera cubana para exigir la libertad de Cuba. Pasan por varios lugares como: estaciones de la PNR y Bomberos, Yaracuy, Comité Municipal de la UJC y el PCC.",Autoridades locales (Estación de Policía),"""Libertad"", ""Patria y Vida"", ""El pueblo unido, jamás será vencido"", ""Díaz-Canel, singao"", ""Las calles son del pueblo""",Militares afuera de la estación de policía intentan dialogar con los manifestantes para ponerle fin a la protesta.,https://www.youtube.com/watch?v=P8Ty0CpJg58 https://www.youtube.com/watch?v=-4wn-YNFj2c
P21-41,11-07-2021,"Manzanillo, Granma",Marcha,Marcha,Marcha,Ciudadanos/pueblo,"Manifestantes salen a las calles extendiendo una bandera cubana para exigir la libertad de Cuba. Pasan por la calle Maceo e/ Concordia y San Salvador, Maceo y Purísima, Maceo e/ Sol y Loma, e/ Sol y Plácido, e/ Martí y Mártires de Vietnam, Martí y Masó, e/ José Miguel Gómez y Martí, Parque Céspedes, Maceo y Merchán.",Estado cubano,"""Libertad"", ""Patria y Vida"", ""El pueblo unido, jamás será vencido"", ""Díaz-Canel, singao"", ""Las calles son del pueblo""",Se presencian policías en las calles y detienen a un manifestante.,https://www.youtube.com/watch?v=zRI3-ZNDWrs https://www.youtube.com/watch?v=1FnC-gE51s0 https://www.youtube.com/watch?v=cpFN4eDwm_o  https://www.youtube.com/watch?v=bwNDCOkkYSw
P21-42,11-07-2021,"Regla, La Habana",Marcha,Marcha,Marcha,Ciudadanos/pueblo,Manifestantes salen a las calles para exigir libertad. Salen de la Estación PNR pasando por el cementerio de Regla hasta la Fábrica de Aluminio.,Estado cubano,"""Libertad"", ""Patria y Vida"", ""El pueblo unido, jamás será vencido"", ""Díaz-Canel, singao""",Hay presencia policial en varios puntos de la manifestación.,https://www.youtube.com/watch?v=L1MTkExhkhg https://www.youtube.com/watch?v=gdCQ_l2M8tM https://www.youtube.com/watch?v=-8cXnF7TEtM
P21-43,11-07-2021,"Inmediaciones de la Plaza de la Revolución, La Habana",Marcha,Marcha,Marcha,Ciudadanos/pueblo,Manifestantes salen a las calles para exigir libertad.,Estado cubano,"""Libertad"", ""Patria y Vida"", ""El pueblo unido, jamás será vencido"", ""Díaz-Canel, singao"", ""Las calles son del pueblo""",Hay presencia de policías y tropas especiales con perros que forman un cordón para reprimir a los manifestantes (arrojan piedras y disparan). Llega un grupo progobierno armado con palos para agredir a los manifestantes.,https://www.youtube.com/watch?v=xM8KpelmLMo
P21-44,11-07-2021,"Cerro, La Habana",Marcha,Marcha,Marcha,Ciudadanos/pueblo,"Manifestantes salen a las calles para exigir libertad, transitan por las calles: Aranguren e/ Barreiro y Calzada de Infanta, Aranguren e/ Barreiro y Calzada de Infanta, Aranguren y Pereira, Aranguren entre Pereira y General Núñez.",Estado cubano,"""Libertad"", ""Patria y Vida""","Se observan brigadas de respuesta rápida con palos, banderas y consignas revolucionarias para reprimir a los manifestantes.",https://www.youtube.com/watch?v=mPKqmKG2BAQ https://www.youtube.com/watch?v=hebuxNG-lzQ  https://www.youtube.com/watch?v=arrXP_mqxf0
P21-45,11-07-2021,"Nueva Gerona, Isla de la Juventud",Marcha,Marcha,Marcha,Ciudadanos/pueblo,Manifestantes salen a las calles para exigir libertad.,Estado cubano,"""Libertad"", ""Patria y Vida"", ""Abajo la dictadura"", ""Díaz-Canel, singao"", ""Viva Cuba Libre""",Represión a manifestantes en la Isla de la Juventud a través de militares y brigadas de respuesta rápida que gritan consignas revolucionarias.,https://www.youtube.com/watch?v=joL_NTeMxds
P21-46,11-07-2021,"Perico, Matanzas",Marcha,Marcha,Marcha,Ciudadanos/pueblo,Manifestantes salen a las calles para exigir libertad.,Estado cubano,"""Libertad"", ""Patria y Vida"", ""Nosotros somos cubanos, nosotros somos Cuba"", ""Díaz-Canel, singao"", ""El pueblo unido, jamás será vencido"", ""Asesinos""",NULL,https://www.youtube.com/watch?v=72VkaGHMcrc
P21-47,11-07-2021,"Colón, La Habana",Marcha,Marcha,Marcha,Ciudadanos/pueblo,"Manifestantes salen a las calles para exigir libertad. Diago y América Arias, Diago y Avellaneda, Martí e/ Máximo Gómez y Bartolomé Masó, Máximo Gómez y Diago, Parque La Tijera, Martí y Colón y Gobierno Municipal.",Estado cubano,"""Libertad"", ""Patria y Vida"", ""El pueblo unido, jamás será vencido"", ""Díaz-Canel, singao"", ""Abajo el comunismo"", cantan el Himno Nacional.","Hay presencia de policías y militares que intentan reprimir a los manifestantes, arrastrándolos y golpeándolos para llevárselos. Cortan el internet.",https://www.youtube.com/watch?v=iDaNaY1GNh4 https://www.youtube.com/watch?v=bp8bLglJBFI  https://www.youtube.com/watch?v=VxF5UxJ6Xyo  https://www.youtube.com/watch?v=2qNEBXY5qSk
P21-48,11-07-2021,"Cotorro, La Habana",Marcha,Marcha,Marcha,Ciudadanos/pueblo,Manifestantes salen a convocar al pueblo a sumarse a la protesta por la libertad. Marchan hacia el parque 19 de Abril.,Estado cubano,NULL,NULL,https://www.youtube.com/watch?v=aSmI4HkD1C4
P21-49,11-07-2021,"Florida, Camagüey",Marcha,Marcha,Marcha,Ciudadanos/pueblo,"Manifestantes salen a las calles para exigir libertad. La manifestación transitó por la Iglesia Cristiana Pentecostal de Cuba, la Estación PNR y Presidente Gómez. Las personas que habían salido a la calle a protestar pacíficamente se dirigieron a la Estación de Policía del municipio a exigir la liberación de Misael Suárez, detenido poco antes en su vivienda.",Estado cubano,"""Libertad"", ""Patria y Vida"", ""El pueblo unido, jamás será vencido"", ""Díaz-Canel, singao"", ""No tenemos miedo""",Detienen a Misael Suárez poco antes de salir de su casa para incorporarse a la protesta.,https://www.youtube.com/watch?v=UjHLM0-MX6M https://www.youtube.com/watch?v=Mv5FzJ0kFW8 https://www.youtube.com/watch?v=LtX_OcvSCtg
P21-50,11-07-2021,"Guanajay, Artemisa",Marcha,Marcha,Marcha,Ciudadanos/pueblo,"Manifestantes salen a las calles para exigir libertad. La manifestación transcurre por las calles: Aramburu e/ 56 y Gelabert, General Díaz y Agramonte, el Parque Central, Aramburu e/ Martí y Agramonte, Avenida 99 y 80 y el Comité Municipal del PCC.",Estado cubano,"""Libertad"", ""Patria y Vida"", ""El pueblo unido, jamás será vencido"", ""Díaz-Canel, singao"", ""Las calles son del pueblo""",Tropas especiales detienen a los manifestantes y los reprimen golpeándolos para llevárselos esposados.,https://www.youtube.com/watch?v=caHsCWVvmic https://www.youtube.com/watch?v=hKzvq--f8cQ https://www.youtube.com/watch?v=9qZTKJT0tRg  https://www.youtube.com/watch?v=evvyBqrCl2s  https://www.youtube.com/watch?v=1NI4yXXwA5I
P21-51,11-07-2021,"El Palenque, La Lisa, La Habana",Marcha,Marcha,Marcha,Ciudadanos/pueblo,Manifestantes salen a las calles para exigir libertad.,Estado cubano,"""Libertad"", ""Patria y Vida""",Ocurren enfrentamientos entre la policía y los manifestantes. Los militares y policías forman un cordón para impedir el paso.,https://www.youtube.com/watch?v=Lkof7vvrhvQ
P21-52,11-07-2021,"Santa Fe, La Habana",Marcha,Marcha,Marcha,Ciudadanos/pueblo,Manifestantes salen a las calles para exigir libertad en la calle 296.,Estado cubano,"""El pueblo unido, jamás será vencido""",NULL,https://proyectoinventario.org/mapa-manifestaciones-cuba-11j/
P21-53,11-07-2021,"Morón, Ciego de Ávila",Marcha,Marcha,Marcha,Ciudadanos/pueblo,Manifestantes salen a las calles para exigir libertad.,Estado cubano,"""Libertad"", ""Patria y Vida"", ""Queremos un cambio"", ""Díaz-Canel, singao"", ""El pueblo es el que llama"", cantan el Himno Nacional.",NULL,https://www.youtube.com/watch?v=j4PwHXmX6ZM
P21-54,11-07-2021,"Águila y Trocadero, Centro Habana, La Habana",Marcha,Marcha,Marcha,Ciudadanos/pueblo,Grupo de personas salen a las calles para exigir libertad.,Estado cubano,"""Libertad"", ""Patria y Vida"", ""Díaz-Canel, singao""",NULL,https://www.youtube.com/watch?v=6irgWY8yIAQ
P21-55,11-07-2021,La Tunas,Marcha,Marcha,Marcha,Ciudadanos/pueblo,"Manifestantes salen a las calles para exigir libertad. La marcha transita por las calles: Cucalambé, Menocal e/ Francisco Vega y Julián Santana, Cementerio y 13 de Octubre, Cementerio y Ángel Guerra, Menocal y Ángel Guerra.",Estado cubano,"""Libertad"", ""Patria y Vida"", ""Díaz-Canel, singao"", ""Abajo el comunismo""",Grupos simpatizantes del gobierno interceptan a los manifestantes con consignas revolucionarias. Se observan policías en el lugar y arrestan violentamente a un menor de edad.,https://www.youtube.com/watch?v=ezhLHtvARFg https://www.youtube.com/watch?v=UmEjcGmsjfs https://www.youtube.com/watch?v=e_-lJiIZl0c  https://www.youtube.com/watch?v=yzBntfSfgjY https://www.youtube.com/watch?v=LQklhpdQtKg
P21-56,11-07-2021,"Unión de Reyes, Matanzas",Marcha,Marcha,Marcha,Ciudadanos/pueblo,Manifestantes salen a las calles para exigir libertad. Un seminarista durante la protesta en Matanzas defiende el respeto por encima de ideologías en el Parque de la Iglesia de San Antonio de Cabezas.,Estado cubano,"""Libertad"", ""Patria y Vida"", ""Queremos un cambio"", ""Díaz-Canel, singao"", ""El pueblo es el que llama"", cantan el Himno Nacional.",Hay presencia de autoridades policiales y grupos a favor del gobierno que intentan reprimir la manifestación.,https://www.youtube.com/watch?v=6rsTKupPOhk
P21-57,11-07-2021,"Las Cañas, Artemisa",Marcha,Marcha,Marcha,Ciudadanos/pueblo,Manifestantes salen a las calles para exigir libertad.,Estado cubano,"""Libertad"", ""Patria y Vida"", ""Queremos un cambio"", ""Díaz-Canel, singao"", ""El pueblo es el que llama"", cantan el Himno Nacional.",Se observa presencia policial en el lugar.,https://www.youtube.com/watch?v=D_x-BHmMmFs
P21-58,11-07-2021,"Vía Blanca e/ E y C, Guanabacoa, La Habana",Marcha,Marcha,Marcha,Ciudadanos/pueblo,Manifestantes salen a las calles para exigir libertad.,Estado cubano,"""Libertad"", ""Patria y Vida"", ""Libertad a Cuba"", ""Díaz-Canel, singao"", ""Abajo el comunismo""",NULL,https://www.youtube.com/watch?v=p1MdRAOgzuY
P21-59,11-07-2021,"Galiano, Centro Habana, La Habana",Marcha,Marcha,Marcha,Ciudadanos/pueblo,"Manifestantes salen a las calles para exigir libertad. Pasan por las calles Los Galiano y Trocadero, Galiano y Ánimas, Galiano y Concordia, Galiano y Neptuno.",Estado cubano,"""Libertad"", ""Patria y Vida"", ""Díaz-Canel, singao""",Se observa presencia policial y grupos de respuesta rápida vestidos de civil para reprimir a los manifestantes. Arrestan de forma violenta a varias personas y rocían spray.,https://www.youtube.com/watch?v=ArbjqpxlZlU https://www.youtube.com/watch?v=gpQ6Q2zwzRg https://www.youtube.com/watch?v=XWr-4yRZCmo  https://www.youtube.com/watch?v=HLz_-LlA31s
P21-60,11-07-2021,"Contramestre, Santiago de Cuba",Marcha,Marcha,Marcha,Ciudadanos/pueblo,"Manifestantes salen a las calles para exigir libertad. Jóvenes llaman al pueblo a salir a las calles. La manifestación transita por el Túnel de Contramaestre, la Carretera Central y Calle 9, Avenida 6 y Calle 9, Bar de Bolo, Calle 2 y Calle 3 y el Parque La Cuba.",Estado cubano,"""Libertad"", ""Patria y Vida""","Hay presencia de policías en varios puntos de la manifestación. El agente Maykel, vestido de civil, llega al lugar y apunta con pistola a los manifestantes, golpeándolos y deteniendo a manifestantes.",https://www.youtube.com/watch?v=GdtYwbUjZQ8
P21-61,11-07-2021,"El Caney, Santiago de Cuba",Marcha,Marcha,Marcha,Ciudadanos/pueblo,Manifestantes salen a las calles para exigir libertad.,Estado cubano,NULL,La policía reprime a los manifestantes. Arrestan a la fuerza a los manifestantes y los suben a una guagua.,https://www.youtube.com/watch?v=z6EBG-EggJM
P21-62,11-07-2021,"Avenida 24 de Febrero (Trocha), Santiago de Cuba",Marcha,Marcha,Marcha,Ciudadanos/pueblo,Manifestantes salen a las calles para exigir libertad.,Estado cubano,"""Libertad"", ""Patria y Vida"", ""Queremos un cambio"", ""Díaz-Canel, singao""",Hay presencia policial en el lugar.,https://www.youtube.com/watch?v=seJ1pPAQwb8
P21-63,11-07-2021,Santiago de Cuba,Marcha,Marcha,Marcha,Ciudadanos/pueblo,"Manifestantes salen a las calles para exigir libertad. La protesta transita por: Avenida de la Patria y Avenida de los Libertadores, Parque de los Muñequitos, Paseo de Martí y Mayía Rodríguez, Paseo de Martí, Paseo de Martí y Mayía Rodríguez, Avenida de los Libertadores y Garzón, Trocha y Bergues, San Agustín y Trocha, Santa Rita, San Agustín y Heredia, Calle Aguilera y cerca de Plaza de Marte.",Estado cubano,"""Libertad"", ""Patria y Vida"", ""Díaz-Canel, singao"", ""El pueblo unido, jamás será vencido""",Se observa presencia policial en varias de las calles.,https://www.youtube.com/watch?v=aIYQpNT3Low https://www.youtube.com/watch?v=Ol1rgeE-Ils
P21-64,11-07-2021,"América e/ Contreras y Gumá, Matanzas",Marcha,Marcha,Marcha,Ciudadanos/pueblo,Manifestantes salen a las calles para exigir libertad.,Estado cubano,"""Libertad"", ""Patria y Vida""",NULL,https://drive.google.com/file/d/1p-Perm2uMGDxYGi7ADTlvjuDRhQAuYDm/preview
P21-65,11-07-2021,"Villegas y Teniente Rey, Habana Vieja, La Habana",Marcha,Marcha,Marcha,Ciudadanos/pueblo,"Inventario reporta manifestación, pero no hay información al respecto.",Estado cubano,NULL,NULL,NULL
P21-66,11-07-2021,"Calzada de Luyanó, La Habana",Marcha,Marcha,Marcha,Ciudadanos/pueblo,"Manifestantes salen a las calles para exigir libertad. Pasan por la Calzada de Luyanó e/ Fábrica y Reforma, Calzada de Luyanó y Ensenada.",Estado cubano,NULL,Varios ómnibus llegan a la Calzada de Luyanó con decenas de miembros de las brigadas de respuesta rápida (paramilitares) armados con palos para reprimir a los manifestantes.,https://www.youtube.com/watch?v=G5PliH-Mn98 https://www.youtube.com/watch?v=JkKVcPmkoY0
P21-67,11-07-2021,Cárdenas,Marcha,Marcha,Marcha,Ciudadanos/pueblo,"Manifestantes salen a las calles para exigir libertad. La manifestación transitó por calles como: Hospital de Cárdenas, Palma entre Calzada y Velázquez, Cupet de Palma y Palma entre Calzada y Velázquez.",Estado cubano,"""Libertad"", ""Patria y Vida""","Fuerzas de la policía allanaron el domicilio de Joel Daniel Cárdenas Díaz, alias ""El Cárdenas"". Los efectivos entraron con violencia al domicilio y dispararon a Cárdenas delante de su mujer y su hija. Según testimonio de los familiares, lo golpearon cuando cayó al suelo y luego se lo llevaron.",https://www.youtube.com/watch?v=ggZFS13KKzA https://www.youtube.com/watch?v=dOYcyL7SPtQ
P21-68,11-07-2021,"Belascoaín, Centro Habana, La Habana",Marcha,Marcha,Marcha,Ciudadanos/pueblo,"Manifestantes salen a las calles para exigir libertad con las manos arriba para demostrar que es una protesta pacífica. Transitan por la calle Belascoaín y Concordia, Belascoaín e/ San Miguel y San Rafael, Belascoaín e/ Salud y Jesús Peregrino, Belascoaín y Pocito, Belascoaín y Estrella.",Estado cubano,"""Libertad"", ""Patria y Vida"", ""No tenemos miedo"", ""Díaz-Canel, singao"", ""Cuba unida, jamás será vencida"", cantan el Himno Nacional.",Hay presencia policial en varios puntos de la manifestación. Arrestan a varios manifestantes.,https://www.youtube.com/watch?v=hWfflDVLtk4 https://www.youtube.com/watch?v=aNL1UoPJ8yE
P21-69,11-07-2021,"Carlos III, Centro Habana, La Habana",Marcha,Marcha,Marcha,Ciudadanos/pueblo,Manifestantes salen a las calles para exigir libertad.,Estado cubano,"""Libertad"", ""Patria y Vida""",Hay presencia de grupos de brigada rápida vestidos de civil que tienen palos para agredir a los manifestantes. Se crea un cordón de paramilitares para detener la manifestación.,https://www.youtube.com/watch?v=EAMWFE8SQvQ
P21-70,11-07-2021,"San Rafael, Centro Habana, La Habana",Marcha,Marcha,Marcha,Ciudadanos/pueblo,"Manifestantes salen a las calles para exigir libertad. Van por la avenida San Rafael e Industria, Galiano y San Rafael, San Rafael e/ Galiano y Águila, San Rafael y Amistad y Boulevard de San Rafael.",Estado cubano,"""Libertad"", ""Patria y Vida""","Paramilitares agarran por los pelos a una mujer en manifestaciones. Hay presencia de grupos de respuesta rápida, militares y policías.",https://www.youtube.com/watch?v=p0cJoOednu8 https://www.youtube.com/watch?v=dqai2pxiO2U
P21-71,11-07-2021,Ciego de Ávila,Marcha,Marcha,Marcha,Ciudadanos/pueblo,"Manifestantes salen a las calles para exigir libertad. Reportan desde la ciudad protestas cerca del hospital de Ciego de Ávila, Calle 2, Parque Juanita, Los Elevados, Parque Martí, Honorato del Castillo, Independencia y Honorato del Castillo, Marcial Gómez e Independencia, Marcial Gómez e/ Cuba y República, Calle Marcial Gómez, Marcial Gómez y Ciego de Ávila, Marcial Gómez y Línea del Ferrocarril, Línea del Ferrocarril y Marcial Gómez.",Estado cubano,"""Libertad"", ""Patria y Vida"", ""Queremos un cambio"", ""Díaz-Canel, singao"", ""El pueblo es el que llama"", cantan el Himno Nacional.",Militares y policías responden ante la manifestación con consignas revolucionarias. Grupos de respuesta rápida se enfrentan a pedradas contra los manifestantes.,https://www.youtube.com/watch?v=x8oChqYTKK0 https://www.youtube.com/watch?v=XSH9XQ6uJa8 https://www.youtube.com/watch?v=hTlnHxDJxhM
P21-72,11-07-2021,"El Canal del Cerro, La Habana",Marcha,Marcha,Marcha,Ciudadanos/pueblo,Manifestantes salen a las calles para exigir libertad. Calle Salvador y Bella Vista.,Estado cubano,"""Libertad"", ""Patria y Vida"", ""Queremos un cambio"", ""Díaz-Canel, singao"", ""El pueblo es el que llama"", cantan el Himno Nacional.",Ocurren enfrentamientos entre la policía y los manifestantes. Intentan arrestar a varios manifestantes a la fuerza.,https://www.youtube.com/watch?v=s528WzMce0o
P21-73,11-07-2021,"La Marina, Matanzas",Marcha,Marcha,Marcha,Ciudadanos/pueblo,Manifestantes salen a las calles para exigir libertad.,Estado cubano,"""Libertad"", ""Patria y Vida""",NULL,NULL
P21-74,11-07-2021,"Parque de los Chivos, Cienfuegos",Marcha,Marcha,Marcha,Ciudadanos/pueblo,Manifestantes salen a las calles para exigir libertad.,Estado cubano,"""Libertad"", ""Patria y Vida"", ""Abajo el comunismo"", ""Díaz-Canel, singao"", ""Policía pinga""",NULL,https://www.youtube.com/watch?v=_OQqcDZXm2M
P21-75,11-07-2021,"Avenida 50, Cienfuegos",Marcha,Marcha,Marcha,Ciudadanos/pueblo,"Manifestantes salen a las calles para exigir libertad. Transitan por las calles San Carlos y Bouyón, Teatro Tomás Terry, Santa Isabel y San Carlos.",Estado cubano,"""Abajo la dictadura"", ""Díaz-Canel, singao"", ""Abajo Díaz-Canel""",Militares y paramilitares reprimen a manifestantes frente al teatro. Ocurren enfrentamientos entre los manifestantes y defensores del gobierno que se encuentran en el parque Martí.,https://www.youtube.com/watch?v=XMhmPdF4JK4 https://www.youtube.com/watch?v=ao4TVdBfJzI https://www.youtube.com/watch?v=7PMVee6yjk8  https://www.youtube.com/watch?v=iV-PzJcyuXc
P21-76,11-07-2021,Cienfuegos,Marcha,Marcha,Marcha,Ciudadanos/pueblo,"Manifestantes salen a las calles para exigir libertad. Transitan por las calles Santa Elena y D'Clouet, Santa Elena e/ D'Clouet y Hourruitiner, Paseo del Prado e/ Santa Elena y Santa Cruz, Prado y San Carlos, Paseo del Prado y San Fernando, Prado y Argüelles, San Fernando y Cristina, Cristina e/ Argüelles y San Fernando, San Carlos y Cristina.",Estado cubano,"""Abajo la dictadura"", ""Díaz-Canel, singao"", ""Abajo Díaz-Canel""",NULL,https://www.youtube.com/watch?v=Z8M3TEh2328
P21-77,11-07-2021,"Malecón, Centro Habana, La Habana",Marcha,Marcha,Marcha,Ciudadanos/pueblo,"Manifestantes salen a las calles para exigir libertad. La protesta avanza por Blanco y Malecón, Malecón e/ Campanario y Perseverancia, Malecón e/ Perseverancia y Lealtad.",Estado cubano,"""Libertad"", ""Patria y Vida"", ""Únanse""",Policía y Seguridad del Estado detienen y golpean a Franco Alvero. Hay presencia de militares que intentan agredir a los manifestantes.,https://www.youtube.com/watch?v=lxfMGaCRmDM https://www.youtube.com/watch?v=5XRYwXyvqbU https://www.youtube.com/watch?v=NyYSzhypat0
P21-78,11-07-2021,"Centro Habana, La Habana",Marcha,Marcha,Marcha,Ciudadanos/pueblo,Manifestantes salen a las calles para exigir libertad. Pasan por las calles Monte e/ Indio y Ángeles y el Parque del Inmigrante Árabe.,Estado cubano,"""Patria y Vida"", ""El pueblo unido, jamás será vencido""",NULL,https://www.youtube.com/watch?v=3McVOyWruj8 https://www.youtube.com/watch?v=x0sg8S1cQBk
P21-79,11-07-2021,"Virtudes, Centro Habana",Marcha,Marcha,Marcha,Ciudadanos/pueblo,"Manifestantes salen a las calles para exigir libertad, por las calles Virtudes y Virtudes e Industria.",Estado cubano,"""Libertad"", ""Patria y Vida""",NULL,https://www.youtube.com/watch?v=j-jHfy7CY3A https://www.youtube.com/watch?v=uZ54GymcRN8
P21-80,11-07-2021,"Regla, La Habana",Marcha,Marcha,Marcha,Ciudadanos/pueblo,"Manifestantes salen a las calles para exigir libertad. Salen del PCC Municipal y avanzan por las calles Martí y Ambrón, Martí e/ Aranguren y 27 de Noviembre, Martí e/ Céspedes y Aranguren, Martí y Céspedes, Martí y Agramonte, Martí y Albuquerque.",Estado cubano,"""Libertad"", ""Patria y Vida"", ""Queremos libertad"", ""Díaz-Canel, singao"", ""Abajo el comunismo""",NULL,youtube.com/watch?v=V7q5uCLabNY https://www.youtube.com/watch?v=lnoceWKCVCg https://www.youtube.com/watch?v=w6Romq5gFLA
P21-81,11-07-2021,"San Lázaro, Centro Habana, La Habana",Marcha,Marcha,Marcha,Ciudadanos/pueblo,"Manifestantes salen a las calles para exigir libertad. Transitan por las calles: San Lázaro y Escobar, San Lázaro y Lealtad, Genios y San Lázaro, San Lázaro y Crespo.",Estado cubano,"""Libertad"", ""Patria y Vida"", ""Libertad para los presos políticos"", ""Díaz-Canel, singao"", ""Viva Maikel Osorbo"", ""El pueblo unido, jamás será vencido""",Se observa la presencia de policías y militares. Reprimen a un manifestante golpeándolo y arrestándolo por la fuerza.,https://www.youtube.com/watch?v=QFBs80MtAY0 https://www.youtube.com/watch?v=sNTMPVAwVKo https://www.youtube.com/watch?v=eAEJLzhjxfI
P21-82,11-07-2021,"San Nicolás de Bari, Mayabeque",Marcha,Marcha,Marcha,Ciudadanos/pueblo,"Manifestantes salen a las calles para exigir libertad. Estación de la Policía, Parque Nuevo, Banco Popular de Ahorro, Calle 55 esq. 50, Parque Viejo.",Estado cubano,"""Libertad"", ""Patria y Vida"", ""Queremos un cambio"", ""Díaz-Canel, singao"", ""El pueblo es el que llama"", cantan el Himno Nacional.",Policía detiene y agrede a manifestantes.,https://www.youtube.com/watch?v=2r56VeUZ66s https://www.youtube.com/watch?v=XYzTv2hqTwE
P21-83,11-07-2021,"Neptuno y Lealtad, Centro Habana, La Habana",Marcha,Marcha,Marcha,Ciudadanos/pueblo,Manifestantes salen a las calles para exigir libertad.,Estado cubano,"""Libertad"", ""Patria y Vida""",NULL,https://www.youtube.com/watch?v=KPdiyk01uUg
P21-84,11-07-2021,"Calzada de Güines, La Habana",Marcha,Marcha,Marcha,Ciudadanos/pueblo,"Manifestantes salen a las calles para exigir libertad. Transitan por la Calzada de Güines y Calzada de San Miguel del Padrón, Calzada de Güines y Matos (Diez de Octubre), Calzada de Diez de Octubre y Perkins.",Estado cubano,"""Libertad"", ""Patria y Vida""",NULL,https://www.youtube.com/watch?v=zn23B4shtz8 https://www.youtube.com/watch?v=Fwv_hxuRQPQ
P21-85,11-07-2021,"Puente de Vía Blanca, Guanabacoa, La Habana",Marcha,Marcha,Marcha,Ciudadanos/pueblo,Manifestantes salen a las calles para exigir libertad.,Estado cubano,NULL,NULL,NULL
P21-86,11-07-2021,"Reparto Versalles, Matanzas",Marcha,Marcha,Marcha,Ciudadanos/pueblo,Manifestantes salen a las calles para exigir libertad.,Estado cubano,"""Libertad""",NULL,https://www.youtube.com/watch?v=e18PN4mF3XM
P21-87,11-07-2021,"Águila y Concordia, Centro Habana, La Habana",Marcha,Marcha,Marcha,Ciudadanos/pueblo,Manifestantes salen a las calles para exigir libertad.,Estado cubano,"""Libertad"", ""Patria y Vida""","Presencia policial en el lugar, pero se ven obligados a retirarse por los manifestantes.",https://proyectoinventario.org/mapa-manifestaciones-cuba-11j/
P21-88,11-07-2021,"Caibarién, Villa Clara",Marcha,Marcha,Marcha,Ciudadanos/pueblo,"Manifestantes salen a las calles para exigir libertad. Pasan por el Paseo de Martí e/ 10 y 12, Paseo de Martí y 12, Calle 12 e/ Paseo de Martí y Avenida 3.",Estado cubano,"""Libertad"", ""Patria y Vida"", ""Queremos un cambio"", ""Díaz-Canel, singao"", ""El pueblo es el que llama"", cantan el Himno Nacional.",Tropas especiales golpean a Isel Fumero y es detenido por la policía.,https://www.youtube.com/watch?v=QueZfhzMM58 https://www.youtube.com/watch?v=3nTwhlQEucg
P21-89,11-07-2021,"Sector de la PNR, Carlos Rojas, Jovellanos, Matanzas",Marcha,Marcha,Marcha,Ciudadanos/pueblo,Manifestantes salen a las calles para exigir libertad.,Estado cubano,"""Libertad"", ""Patria y Vida"", ""Queremos un cambio"", ""Díaz-Canel, singao"", ""El pueblo es el que llama"", cantan el Himno Nacional.",NULL,NULL
P21-90,12-07-2021,"La Güinera, Arroyo Naranjo, La Habana",Marcha,Marcha,Marcha,Ciudadanos/pueblo,"Cientos de personas intentaron llegar a la estación de policía de La Güinera, justo en la entrada del barrio, para denunciar las extremas condiciones de pobreza y abandono en las que se encuentra su barrio, siendo considerado como uno de los más pobres de La Habana. A esto se sumó la denuncia del gobierno de Díaz-Canel y la demanda de libertad para todo el pueblo de Cuba. La manifestación se produjo por varias calles como: Calle F, Calzada de La Güinera y Calle 1, Calle A, B, C, F y Central.",Autoridades locales (Estación de Policía),"""Díaz-Canel, abajo""","Militantes del Partido Comunista de Cuba (PCC, único) impidieron que los manifestantes llegaran a la estación de policía, acompañados del mayor operativo antimotines desplegado en esos dos días por el gobierno. Volaron piedras, botellas y palos. La calle quedó tapizada de vidrios y rocas. La Seguridad del Estado y las tropas especiales arremetieron contra las puertas de las casas para sacar de forma violenta a los manifestantes, siendo arrastrados o cargados entre varios oficiales, muchos de ellos vestidos de civiles. También se expresaron de forma agresiva hacia todas las personas que se encontraban en las calles documentando lo que estaba pasando, mientras decían: ""Métanse pa' dentro que la calle es de la policía"". Después de esta situación, el gobierno reparó los baches, rehabilitó consultorios, pintó bodegas y prometió casas para varias familias, como parte del programa de mejoramiento implementado en 60 barrios de La Habana.",https://www.france24.com/es/minuto-a-minuto/20220708-la-g%C3%BCinera-el-barrio-pobre-de-la-habana-epicentro-de-las-protestas-de-julio-de-2021 https://www.google.com/maps/d/u/0/viewer?mid=1AQAArlWutvq3eqA2nK_WObSujttknlxZ&hl=en_US&ll=23.04520000000002%2C-82.357&z=8
P21-91,12-07-2021,"Aguacate, Mayabeque",Manifestación/Concentración,Manifestación,Concentración,Ciudadanos/pueblo,"Demandan la necesidad de un cambio y la situación de precariedad en que se encuentra el país, donde no hay medicamentos, las personas se están muriendo de hambre y solo hay tiendas en divisa. En un primer momento eran unas pocas personas, pero poco a poco se fueron sumando más personas a la protesta.",Estado cubano,"""Patria y Vida"", ""Aguacate tiene hambre""","Se reunieron varias personas de la Seguridad del Estado (en su mayoría vestidas de civiles) con intenciones de establecer un diálogo para finalizar la protesta. Estos alegaron que estaban instigando a la violencia con el ""show"" que el pueblo estaba haciendo y que la revolución llevaba 62 años y nadie la iba a tumbar.",https://www.facebook.com/abiel.tirse.39/videos/967880673947192/
P21-92,12-07-2021,"Parque Güines, Mayabeque",Manifestación/Concentración,Manifestación,Concentración,Ciudadanos/pueblo,Demandan la necesidad de un cambio.,Estado cubano,NULL,"En una de las calles del Parque de Güines se plantó un cordón policial y tropas especiales. Varios policías vestidos de civil avanzaron hacia uno de los portales de la esquina del parque y arremetieron contra la población, golpeándola. Muchos de estos amenazaron a la población con armas de fuego en las manos.",https://www.google.com/maps/d/u/0/viewer?mid=1AQAArlWutvq3eqA2nK_WObSujttknlxZ&hl=en_US&ll=20.209753700000014%2C-75.99442329999998&z=8
P21-93,12-07-2021,"Palma Soriano, Santiago de Cuba",Marcha,Marcha,Marcha,Ciudadanos/pueblo,"Cientos de cubanos salieron a las calles para demandar la falta de electricidad, de comida, de medicamentos y de libertad del pueblo.",Estado cubano,"Se gritaron consignas como: ""Libertad"", ""Que se vayan"", ""Abajo el comunismo"", ""Abajo el hambre"", ""Abajo la dictadura"", ""Abajo, cojones"", ""Patria y Vida"", ""Sí se puede"", ""No más mentiras"", ""Díaz-Canel singao"", ""Ladrones"", ""Arriba el pueblo de Cuba"". También cantaron el Himno Nacional.",La policía comenzó a bloquear la Carretera Central.,https://www.google.com/maps/d/u/0/viewer?mid=1AQAArlWutvq3eqA2nK_WObSujttknlxZ&hl=en_US&ll=20.209753700000014%2C-75.99442329999998&z=8
P21-94,12-07-2021,"Surgidero de Batabanó, Mayabeque",Manifestación/Concentración,Manifestación,Concentración,Ciudadanos/pueblo,Demanda la libertad del pueblo cubano.,Estado cubano,"""Libertad"", ""Díaz-Canel singao"", ""Abajo Díaz-Canel"", ""Patria y Vida"", cantaron el Himno Nacional.",Se observó un grupo de oficialistas que gritaban consignas revolucionarias. Despliegue policial y tropas especiales para reprimir a los manifestantes.,https://www.google.com/maps/d/u/0/viewer?mid=1AQAArlWutvq3eqA2nK_WObSujttknlxZ&hl=en_US&ll=22.687516099999996%2C-82.29435889999999&z=18
P21-95,12-07-2021,"Vegas, Nueva Paz, Mayabeque",Marcha,Marcha,Marcha,Ciudadanos/pueblo,Demandaban la libertad del pueblo cubano.,Estado cubano,"""Patria y Vida"", ""Libertad""","Las fuerzas policiales atacaron de manera agresiva a los manifestantes, golpeándolos y arrastrándolos para así poder arrestarlos.",https://www.google.com/maps/d/u/0/viewer?mid=1AQAArlWutvq3eqA2nK_WObSujttknlxZ&hl=en_US&ll=22.790299999999995%2C-81.81860000000002&z=17
P21-96,12-07-2021,"Marianao, La Habana",Marcha/Cacerolazos,Marcha,Cacerolazos,Ciudadanos/pueblo,Demandan la libertad del pueblo cubano.,Estado cubano,"""Cuba quiere libertad""",NULL,https://proyectoinventario.org/mapa-manifestaciones-cuba-11j/
,12-07-2021,Camagüey,Manifestación/Concentración,Manifestación,Concentración,Ciudadanos/pueblo,Grupo numeroso grita consignas frente a fuerzas del gobierno.,Gobierno municipal,"Gritan ""Díaz-Canel singao""","Las fuerzas oficiales atacaron de manera agresiva a los manifestantes, golpeándolos y arrastrándolos para así poder arrestarlos.",https://proyectoinventario.org/mapa-manifestaciones-cuba-11j/
P21-97,12-07-2021,"El Condado, Villa Clara",Manifestación/Concentración,Manifestación,Concentración,Ciudadanos/pueblo,"Personas del lugar reportan protestas pacíficas en El Condado, Los Flamboyanes y la calle San Miguel. No hay videos debido a la mala calidad.",Estado cubano,NULL,NULL,https://proyectoinventario.org/mapa-manifestaciones-cuba-11j/
,12-07-2021,"Cerro, La Habana",Manifestación/Concentración,Manifestación,Concentración,Ciudadanos/pueblo,Grupo de personas salen a protestar a las calles de noche. No se identifica la cantidad de personas ni lo que demandan.,Estado cubano,"""Abajo la dictadura""",Despliegue policial en las calles. La policía lanza piedras y dispara a los protestantes.,https://proyectoinventario.org/mapa-manifestaciones-cuba-11j/
,12-07-2021,Jenez y clazada Matanzas,Manifestación/Concentración,Manifestación,Concentración,Ciudadanos/pueblo,Grupo protesta; no se escucha lo que dicen.,NULL,NULL,Despliegue policial.,Mapeado: Manifestaciones #11J – julio 2021 - INVENTARIO (proyectoinventario.org)
P21-98,13-07-2021,"San Miguel del Padrón, La Habana",Marcha,Marcha,Marcha,Ciudadanos/pueblo,No se identifica qué demandan.,Estado cubano,NULL,NULL,https://www.facebook.com/photo/?fbid=1444087495972419&set=a.148823912165457
P21-99,13-07-2021,Ciego de Ávila,Marcha,Marcha,Marcha,Ciudadanos/pueblo,"Inventario reporta manifestación en el Parque Juanita y en los alrededores del hospital Ciego de Ávila, pero no hay información al respecto.",Estado cubano,NULL,NULL,https://proyectoinventario.org/mapa-manifestaciones-cuba-11j/
P21-100,12-11-2021/ 30-04-2022,La Habana,Boicot,Boicot,Boicot,Grupo de artistas,"Tania Bruguera, acompañada de Julio Llópiz-Casal y Alexis Romaes, son los promotores de la campaña #NoALaBienalDeLaHabana. En los últimos días, 128 destacados creadores de Europa, América, África y Asia se sumaron al pedido de boicot a la cita de las artes visuales, pues según su posición la Bienal no puede ser apoyada debido a las detenciones, arrestos domiciliarios y exilios forzados de creadores cubanos que han ocurrido recientemente. Esta campaña denuncia que los mismos organizadores oficialistas son los que se han negado a escuchar a los artistas cubanos y los reprimen.",Estado cubano,#NoALaBienalDeLaHabana,"El oficialismo, por su parte, respalda la convocatoria al evento de la Bienal de La Habana XIV y denuncia «los intentos baldíos de aquellos que, a partir de una burda e insidiosa manipulación política, atentan contra la realización de uno de los más fecundos encuentros de las artes visuales en el hemisferio occidental», recoge un comunicado publicado en la página web de la Unión de Escritores y Artistas (UNEAC). El director de la XIV Bienal de La Habana, Nelson Ramírez de Arellano, dijo que quienes piden boicotear tal evento intentan destruir “la posibilidad de que la vida se desarrolle de forma normal en nuestro país”. También acusó a quienes promueven el boicot a la Bienal de ser agentes de extrema derecha con la intención de ""eliminar"" la posibilidad de que se desarrolle la vida de forma normal en Cuba.",https://diariodecuba.com/cultura/1635766477_35224.html https://eltoque.com/artivismo-y-Performance-el-boicot-a-la-bienal-de-la-habana http://www.lajiribilla.cu/del-miedo-y-el-boicot-segun-tania-bruguera/  https://www.cibercuba.com/noticias/2021-11-03-u207888-e207888-s27068-boicot-bienal-habana-vida-normal-cuba
P21-101,15-11-2021,La Habana y otras 8 localidades de 6 provincias,Petición/Marcha pacífica,Petición,Marcha,Yunior García Aguilera/grupo de activistas,"En La Habana, Santa Clara, Holguín, Nuevitas, Cienfuegos, Guantánamo, Palma Soriano, Las Tunas y Pinar del Río (3) se entregaron peticiones para permiso de marchas pacíficas. La divulgación de las marchas y sus objetivos ocurrieron fundamentalmente dentro del grupo cerrado de Facebook «Archipiélago». Cada una de las cartas que informa sobre las marchas parten del reconocimiento en el artículo 56 de la Constitución del derecho de reunión, manifestación y asociación con fines lícitos y pacíficos. Además, los firmantes se amparan en la Declaración Universal de los Derechos Humanos que en su artículo 20 expone el derecho a la libertad de reunión y asociación pacíficas. Los propósitos de las marchas contra la violencia expuestos en cada una de las cartas incluyen: exigir el respeto por los derechos de todos los cubanos, la liberación de los presos políticos y la solución de “nuestras diferencias a través de vías democráticas y pacíficas”. Organizadores y firmantes manifiestan, además, la promoción del carácter pacífico y cívico de las marchas, con apego al orden público y las medidas sanitarias derivadas de la pandemia de Covid-19. Cada uno de los documentos solicita a las autoridades la garantía del ejercicio pleno de los derechos humanos y constitucionales, la protección de los manifestantes, el funcionamiento normal de las telecomunicaciones y la libre circulación de los ciudadanos que decidan asistir a las marchas. Además, abogan por el respeto al derecho de prensa: nacional, internacional, oficial o independiente para informar de forma adecuada y veraz sobre la organización y desarrollo de las manifestaciones. Tras ser reprimida la marcha del 15N, la plataforma opositora Archipiélago tomó la iniciativa de pedir que en algunas viviendas se colgaran sábanas blancas extendidas como respaldo a la marcha para demandar la liberación de los presos políticos y una solución de los problemas por la vía democrática y pacífica.",Gobiernos locales (provincia y municipios),"""Marcha Cívica por el Cambio"", ""Derecho a tener derechos""","El Estado cubano consideró “ilícita” la protesta y no la autorizó, al considerar que detrás se encuentra la “estrategia imperial” de Estados Unidos, como dijo la semana pasada el presidente Miguel Díaz-Canel. Los activistas de varias provincias fueron rodeados en sus hogares por policías uniformados, agentes de la Seguridad del Estado o partidarios con pancartas, en un despliegue de intimidación previo a la marcha. El domingo, un líder del movimiento, Yunior García Aguilera, había planeado marchar solo con una rosa blanca en la mano, pero los partidarios del gobierno le impidieron salir de su casa, según muestran los videos publicados en Facebook. En un momento dado, se asomó a través de las persianas de su apartamento, hasta que alguien en un piso superior bajó una enorme bandera cubana, obstaculizándole la vista. En contraste, edificios e instituciones oficiales llenaron sus fachadas con banderas cubanas. Frente a algunos ministerios, los funcionarios públicos celebraron actos de reafirmación.",https://proyectoinventario.org/marchas-cuba-20-15-noviembre/ https://www.nytimes.com/es/2021/11/15/espanol/protesta-cuba-que-paso.html  https://www.forbes.com.mx/fotogaleria-marcha-15n-silenciada-cuba-prometer-cambios/
,26-11-2021,La Habana,Manifestación/Concentración,Manifestación,Concentración,Ciudadanos/pueblo,"Derechos del consumidor. Decenas de cubanos se encontraban este jueves en las oficinas de las aerolíneas Copa y Conviasa, vendedoras de vuelos a Managua, Nicaragua, para protestar tras la información de que por el momento no habrá ventas de pasajes de avión.",Estado cubano,NULL,La situación fue aplacada por una patrulla de “boinas negras” que se presentó en las oficinas.,https://www.cubanet.org/noticias/protestas-en-la-habana-por-falta-de-pasajes-a-nicaragua/